wgi_glacier_id, glacier_name, lat, lon, total_area, mean_elev, primary_class 
CL1L00202051, , -47.3000, -73.1200, 0.4000, , 7
CL1L00204075, , -47.5500, -73.4800, , , 5
CL1L00203047, , -47.4500, -73.4500, 6.3000, , 5
CL1L00203054, , -47.3200, -73.3300, 14.5000, , 5
CL1L00000053, GCN79, -53.0550, -73.2790, 0.3200, , 6
AR1I60235002, R Toro N, -49.0500, -73.0330, 2.5000, , 5
CL1L34100002, Tempano, -48.7700, -74.8100, 332.0000, , 4
AR1I60236018, R Diablo C, -49.0170, -72.9830, 2.0000, , 6
CL1L44500003, Lucia, -48.4500, -73.3700, 200.0000, , 4
CL1L44400001, Chico, -49.1400, -73.2300, 259.0000, , 4
AR1I60114030, Meseta W, -49.9000, -73.1170, 5.0000, , 6
CL1L00204033, , -47.7100, -73.7800, 0.5000, , 7
AR1I60120004, las Horquetas, -50.0500, -72.9170, 2.0000, , 6
CL1L00000035, GCN73, -53.0410, -73.0780, 0.4700, , 6
CL1L00203062, , -47.5000, -73.2400, 1.3000, , 4
CL1L00202009, , -47.4400, -73.0300, 0.7000, , 6
CL1L03130001, , -53.2170, -73.0330, 0.6000, , 6
CL1L00000020, GCN30, -52.8810, -73.0320, 1.8700, , 6
AR1I60232010, Pier Giorgio, -49.2330, -73.1170, 1.0000, , 6
CL1L00000050, GCN66, -52.9550, -72.9830, 1.0900, , 6
CL1L00204037, , -47.6500, -73.8000, 0.7000, , 4
CL1L00000014, GCN24, -52.8300, -73.0440, 2.2300, , 5
CL1L00000039, GCN59, -52.9480, -73.0350, 0.4500, , 6
CL1L00000012, GCN22, -52.8350, -73.0110, 1.2300, , 6
CL1L00000033, GCN70, -53.0010, -73.0810, 0.3000, , 6
AR1L44220006, Pitersen S, -48.5670, -72.4500, 7.0000, , 5
AR1I60236019, R Diablo W, -49.0170, -73.0000, 1.6000, , 6
CL1L03130003, , -53.2170, -73.0500, 0.6000, , 6
CL1L00203050, , -47.4200, -73.3200, 2.3000, , 5
AR1L44211029, Cerro Cono 5, -47.7830, -72.2830, 0.3000, , 6
AR1L44211047, San Lorenzo E, -47.6000, -72.2500, 7.0000, , 5
AR1L44211034, Cerro Peinado II, -47.7330, -72.2000, 0.1000, , 6
AR1I61000001, H. Y. 1, -47.9000, -72.2500, 0.2000, , 6
CL1L00204018, , -47.7800, -73.5000, 0.4000, , 6
AR1L44211049, Hermoso C, -47.6000, -72.2000, 0.2000, , 6
AR1L44220011, Croslavina N, -48.6830, -72.3830, 1.0000, , 5
AR1L44220012, Croslavina S, -48.7330, -72.3670, 0.8000, , 5
CL1L00204021, , -47.7300, -73.5800, 1.4000, , 6
CL1L00204014, , -47.7300, -73.5100, 0.3000, , 7
AR1I60232003, R Blanco S, -49.3000, -73.0250, 1.5000, , 6
CL1L00204044, , -47.6200, -73.7600, 0.4000, , 4
CL1L00203002, , -47.6000, -73.2500, 0.8000, , 6
AR1I60112019, Cerro Mayo SE, -50.3460, -73.3170, 1.0000, , 5
CL1L00202055, , -47.2800, -73.1100, 2.1000, , 6
AR1I60112010, Mayo, -50.4700, -73.3900, 45.0000, , 4
AR1I60236004, L del Desierto 12, -49.0690, -72.9330, 1.6000, , 6
CL1L00202020, , -47.4000, -73.1000, 0.4000, , 7
CL1L00201021, , -47.1200, -73.0300, 0.8000, , 6
CL1L00202005, , -47.4000, -72.9800, 2.4000, , 6
AR1I61000003, H. Y. 3, -47.9000, -72.2500, 0.0500, , 7
CL1L00202002, , -47.4000, -73.0300, 1.3000, , 6
AR1L44211052, Yole 1/2, -47.9000, -72.1670, 0.2000, , 6
CL1L00000037, GCN57, -52.9670, -73.0640, 1.7500, , 6
AR1L44212001, R Carbon Alto, -48.7000, -72.3330, 0.8000, , 5
CL1L03010003, , -53.2500, -73.0000, 0.3000, , 6
CL1L00202043, , -47.2200, -73.1600, 0.6000, , 6
CL1L00203053, , -47.3800, -73.3600, 91.4000, , 5
AR1I60114022, Portezuelo Rojo, -49.7920, -73.0830, 1.5000, , 5
CL1L00000042, GCN62, -52.9400, -73.0250, 1.6700, , 5
CL1L00202058, , -47.2600, -73.0500, 0.8000, , 4
CL1L00203048, , -47.4100, -73.4300, 26.2000, , 5
AR1L44300002, R Grande W, -49.0500, -72.8170, 0.8000, , 6
AR1I60233002, R Condor 2, -49.1830, -73.0750, 0.5000, , 6
CL1L03010001, , -53.2170, -73.0170, 1.0000, , 5
CL1L00202030, , -47.4200, -73.1600, 1.0000, , 6
AR1I60114002, Delgado, -49.9670, -73.3460, 4.0000, , 5
CL1L00203045, , -47.5200, -73.4200, 0.5000, , 4
AR1I60220020, Solo, -49.3670, -73.0670, 1.5000, , 5
AR1I60232001, Fitz Roy, -49.2670, -73.0000, 3.5000, , 5
AR1L44211010, Cerro Arido 1, -47.8330, -72.3000, 0.3000, , 6
AR1I60236003, L del Desierto 13, -49.0750, -72.9500, 0.8000, , 6
AR1I60113001, Seno Spegazzini, -50.2670, -73.3250, 5.0000, , 5
CL1L00201001, , -47.1700, -72.9300, 0.3000, , 7
CL1L00000048, GCN64, -52.9390, -73.1310, 0.7700, , 6
CL1L03134002, , -53.2500, -72.8170, 0.6000, , 6
AR1L44211018, Cerro W. 1, -47.7500, -72.4500, 6.2000, , 6
AR1L44220004, Sangra S, -48.4670, -72.4670, 4.5000, , 5
CL1L00000038, GCN58, -52.9500, -73.0210, 1.5800, , 6
AR1L44211046, San Lorenzo VI, -47.6170, -72.2330, 0.0500, , 7
AR1I60120002, Punto Alto, -50.0500, -72.9500, 1.5000, , 5
AR1I60234003, Cerro Mylodon, -49.0830, -73.1000, 1.2000, , 3
CL1L00204008, , -47.6700, -73.4800, 0.6000, , 6
CL1L03130004, , -53.2170, -73.0500, 0.7000, , 6
AR1I60233003, R Condor 1, -49.1720, -73.0810, 0.5000, , 6
CL1L00201027, , -47.0700, -72.9800, 0.4000, , 4
CL1L00000029, GCN54, -52.9600, -73.0080, 3.0600, , 5
CL1L00100005, GCN37, -52.8860, -73.0910, 14.3900, , 4
CL1L00204046, , -47.5700, -73.7800, 0.7000, , 6
CL1L00000009, GCN18, -52.7990, -72.9890, 0.1900, , 6
CL1L00204062, , -47.4000, -73.7800, 0.3000, , 7
CL1L00203063, , -47.3500, -73.2000, 6.8000, , 5
AR1I60220007, del Cerro Divisadero, -49.7220, -73.1750, 4.0000, , 6
AR1I60232016, R Electrico E, -49.2250, -73.0330, 0.8000, , 6
AR1L44211030, Cerro Cono, -47.7670, -72.2670, 2.0000, , 5
CL1L00204054, , -47.5100, -73.8100, 1.8000, , 6
AR1I60114014, Ante-cumbre Phister N, -49.7670, -73.1920, 1.5000, , 6
CL1L00203044, , -47.5200, -73.3800, 0.5000, , 4
CL1L00204020, , -47.7500, -73.5800, 1.0000, , 6
AR1L44211050, Hermoso E, -47.6000, -72.1830, 0.6000, , 6
CL1L00203003, , -47.5900, -73.2000, 1.0000, , 6
CL1L00201024, , -47.0800, -73.0100, 0.3000, , 7
AR1I60114012, del Pico Campamento, -49.7420, -73.2250, 1.0000, , 5
CL1L00202018, , -47.4700, -73.0900, 5.1000, , 6
CL1L00204005, , -47.6800, -73.5500, 2.0000, , 6
AR1L44211016, Valle San Lorenzo 1, -47.8000, -72.3830, 3.0000, , 5
AR1L44211028, Cerro Cono 6, -47.7830, -72.2830, 1.5000, , 5
CL1L03132004, , -53.2170, -72.9830, 1.9000, , 2
CL1L11100004, Pingo, -50.9800, -73.4000, 71.0000, , 4
CL1L00204057, , -47.4600, -73.8000, 0.6000, , 4
CL1L00000047, GCN36, -52.9070, -73.0770, 1.8800, , 3
CL1L00201016, , -47.0700, -73.1300, 0.9000, , 6
CL1L00100002, GCN77, -53.0650, -73.2680, 0.3600, , 6
CL1L00202048, , -47.2700, -73.1300, 0.2000, , 7
AR1I60210005, Pintado N, -49.9580, -72.9830, 2.5000, , 5
AR1L44220007, Toro Negro, -48.6170, -72.3830, 1.0000, , 6
AR1I60232013, Gorra Blanca, -49.2000, -73.1080, 11.0000, , 5
CL1L00202045, , -47.2500, -73.1500, 0.6000, , 6
AR1I60234002, Mylodon C, -49.0960, -73.0500, 5.5000, , 5
AR1I60111008, de los Lenadores, -50.4330, -73.1170, 1.0000, , 5
CL1L00203011, , -47.6300, -73.2500, 0.7000, , 6
CL1L00000030, GCN56, -52.9640, -73.0260, 2.3300, , 5
CL1L03430001, Perez, -53.3670, -72.6500, 0.1000, , 6
AR1L11130001, Rio Vizcacha, -50.6500, -72.2170, 1.5000, , 6
AR1I60112009, Fondo Canal Mayo 1, -50.3750, -73.3170, 0.5000, , 6
AR1I60220018, R Tunel Superior, -49.4000, -73.1250, 5.5000, , 5
CL1L00201032, , -47.0800, -72.9000, 0.7000, , 4
CL1L00204034, , -47.7000, -73.7800, 0.7000, , 4
CL1L00201007, , -47.2100, -73.0400, 0.5000, , 6
CL1L03135003, , -53.2500, -72.8170, 0.5000, , 6
AR1I60236012, L del Desierto 4, -49.0330, -72.9000, 1.2000, , 6
CL1L42100004, U4, -47.3190, -73.3340, 10.0000, , 4
CL1L00203034, , -47.5800, -73.3800, 0.6000, , 6
CL1L00204002, , -47.6700, -73.6000, 1.4000, , 5
CL1L00202010, , -47.4600, -73.0400, 1.7000, , 6
AR1I60236024, Vera, -49.0830, -72.8830, 0.5000, , 6
CL1L00201023, , -47.0700, -73.0300, 1.9000, , 5
CL1L00202013, , -47.5000, -73.0300, 0.3000, , 4
CL1L00203061, , -47.4800, -73.2400, 1.2000, , 4
AR1I60111017, Peninsula Mayo-Ameghino 4, -50.3750, -73.1420, 1.5000, , 5
CL1L00203007, , -47.6200, -73.1300, 0.5000, , 6
AR1I60212006, R Condor 1, -49.7830, -72.9330, 1.0000, , 6
CL1L00204038, , -47.6500, -73.8000, 0.8000, , 5
AR1I60220014, Cerro Fortaleza W, -49.6170, -73.0330, 1.5000, , 5
CL1L00000036, GCN74, -53.0460, -73.0790, 0.1300, , 6
CL1L00203041, , -47.5400, -73.3200, 0.7000, , 7
CL1L00204012, , -47.7200, -73.5000, 0.7000, , 6
CL1L23100001, HPS28, -50.4500, -73.4800, 63.0000, , 4
CL1L00203035, , -47.5300, -73.4200, 5.2000, , 5
CL1L03133006, , -53.2500, -72.9330, 0.2000, , 6
CL1L00000018, GCN28, -52.8910, -72.9880, 0.6400, , 6
CL1L03134005, , -53.2670, -72.8670, 0.2000, , 6
AR1I60236011, L del Desierto 5, -49.0390, -72.9170, 1.6000, , 6
CL1L00203064, , -47.5000, -73.1900, 0.3000, , 4
CL1L00100008, GCN44, -52.8600, -73.2210, 2.4600, , 6
AR1I60111003, E bifurcado, -50.5210, -73.0670, 2.0000, , 5
CL1L03431001, Henry, -53.4170, -72.6670, 0.1000, , 6
CL1L03133003, , -53.2670, -72.9170, 2.7000, , 2
CL1L00000054, GCN75, -53.0570, -73.2510, 0.3400, , 6
AR1I60113010, Onelli, -50.1500, -73.4800, 84.0000, , 4
CL1L00203052, , -47.4700, -73.3000, 0.7000, , 4
CL1L00203029, , -47.6200, -73.3500, 2.8000, , 5
AR1I60112015, Aguilera, -50.3580, -73.4450, 13.0000, , 5
AR1I60114010, Suspendido del Campana, -49.6670, -73.1670, 0.5000, , 6
CL1L00204001, , -47.6800, -73.6400, 1.9000, , 6
CL1L00203056, , -47.3700, -73.2600, 1.0000, , 4
CL1L42300001, Arco, -47.2860, -73.3890, 41.1000, , 4
CL1L31100001, HPS19, -49.9900, -73.7600, 176.0000, , 4
CL1L00203013, , -47.6500, -73.2500, 1.0000, , 6
CL1L00202025, , -47.4700, -73.1200, 1.0000, , 6
AR1I60220002, R Alfredo C, -49.7120, -72.9000, 0.5000, , 6
AR1L44300001, R Grande E, -49.0330, -72.7830, 1.2000, , 5
AR1I60236020, Cerro Sin Nombre Inferior, -48.9830, -72.9170, 1.5000, , 5
CL1L00203039, , -47.5500, -73.3100, 3.4000, , 5
AR1I60238003, Cerro del Bosque Alto, -49.1360, -72.9000, 2.5000, , 6
AR1I60112004, Canal Mayo E, -50.3500, -73.2500, 8.0000, , 5
AR1I60114001, Bertrand S, -49.9920, -73.3670, 25.5000, , 5
AR1I60231001, Solo, -49.3420, -73.0750, 1.8000, , 6
CL1L32000001, Greve, -48.9100, -73.9500, 438.0000, , 4
CL1L54000001, San Rafael, -46.7040, -73.6330, 752.5000, , 4
AR1I60231002, Cerro Torre, -49.3330, -73.0330, 24.5000, , 5
AR1I60112016, Chico de la Laguna Escondida, -50.3710, -73.4330, 2.5000, , 6
AR1I60236014, L del Desierto 2, -49.0170, -72.9000, 0.5000, , 3
CL1L00100011, GCN48, -52.8800, -73.2980, 0.8800, , 6
AR1L44211040, San Lorenzo III, -47.6830, -72.2500, 0.1000, , 6
CL1L00201005, , -47.2300, -73.0200, 0.9000, , 6
CL1L34100001, Bernardo, -48.6900, -73.6500, 536.0000, , 4
AR1I60110016, 16, -50.5580, -73.0830, 0.3000, , 0
CL1L03135005, Torres, -53.2670, -72.7830, 0.8000, , 2
CL1L00202041, , -47.1200, -73.3300, 0.8000, , 5
CL1L11120001, Los Perros, -50.9330, -73.1170, 9.2000, , 5
CL1L31100002, Penguin, -50.1300, -73.7400, 527.0000, , 4
CL1L00204017, , -47.7700, -73.5000, 0.6000, , 6
AR1I60100004, Nevero 27 NW, -50.3750, -73.0000, 0.3000, , 6
AR1I60110018, Perdido 15, -50.5420, -73.1000, 2.0000, , 0
CL1L00201019, , -47.1000, -73.0800, 0.3000, , 7
AR1L44212002, R Capon, -48.5330, -72.3670, 6.0000, , 5
CL1L00201035, , -47.0400, -72.8600, 0.4000, , 6
CL1L00203069, , -47.5100, -73.1100, 0.4000, , 7
CL1L00203038, , -47.5500, -73.3500, 4.0000, , 5
AR1I60112018, Cerro Mayo SW, -50.3500, -73.3330, 1.0000, , 6
CL1L23200001, HPS31, -50.6100, -73.4400, 161.0000, , 4
CL1L00000015, GCN25, -52.8340, -73.0590, 1.1900, , 6
CL1L03021001, , -53.3000, -72.8670, 2.6000, , 5
AR1I60210009, Cabecera 1, -49.9060, -72.9670, 2.0000, , 6
AR1I60111012, S Ameghino 1, -50.4420, -73.2000, 1.0000, , 6
CL1L00000026, GCN52, -52.9580, -73.1720, 0.3200, , 7
CL1L00202007, , -47.4200, -73.0300, 0.9000, , 6
CL1L00204051, , -47.5500, -73.8300, 0.3000, , 4
AR1I60110013, 19, -50.5460, -73.0170, 0.5000, , 0
CL1L03135002, , -53.2830, -72.8500, 3.2000, , 2
CL1L00000013, GCN23, -52.8420, -73.0220, 0.4300, , 6
CL1L00202034, , -47.3000, -73.2000, 0.6000, , 6
AR1I60100006, Nevero 25 NE, -50.3500, -72.8170, 0.1000, , 6
CL1L03131001, , -53.2170, -73.0170, 1.3000, , 6
CL1L00202027, , -47.4800, -73.1700, 1.9000, , 4
AR1L44211043, San Lorenzo I, -47.6330, -72.2330, 0.4000, , 6
CL1L32100004, HPS15, -49.8700, -73.6600, 174.0000, , 4
AR1I60112013, de la Laguna Escondida, -50.3720, -73.4000, 12.5000, , 5
CL1L03011003, , -53.2500, -72.9830, 1.4000, , 5
AR1I60114016, C Phister, -49.8000, -73.1830, 5.0000, , 5
CL1L00000002, GCN03, -52.6450, -73.0300, 0.1000, , 3
CL1L03011004, , -53.2670, -72.9330, 1.6000, , 6
CL1L00204053, , -47.5200, -73.7700, 0.2000, , 7
AR1I60233006, Cagliero, -49.1670, -73.0670, 4.0000, , 6
CL1L00204042, , -47.6300, -73.7400, 0.3000, , 7
CL1L00203051, , -47.4500, -73.3200, 1.1000, , 4
CL1L00203018, , -47.7000, -73.2800, 0.2000, , 6
CL1L42100002, Pared Sur, -47.4070, -73.4190, 29.3000, , 4
AR1I60232005, R Blanco N, -49.2500, -73.0220, 2.0000, , 6
CL1L00203030, , -47.6500, -73.4000, 6.6000, , 5
AR1I60110004, Adriana, -50.6000, -73.0000, 3.0000, , 5
AR1L44211032, Cerro Peinado III, -47.7330, -72.2330, 0.0500, , 6
CL1L00202059, , -47.2500, -73.0300, 1.4000, , 6
AR1L44212005, Cerro Mayer, -48.3670, -72.3330, 1.8000, , 6
AR1I60110009, Dora 11-12, -50.6040, -73.0670, 8.0000, , 5
CL1L00201017, , -47.1000, -73.0800, 1.0000, , 6
AR1I60113006, al norte del Seco, -50.1720, -73.3210, 1.5000, , 6
CL1L00204072, , -47.5200, -73.5000, 1.0000, , 7
AR1L44211020, Valle San Lorenzo 4, -47.7500, -72.3830, 0.5000, , 6
AR1I60210006, de la Laguna, -49.9500, -73.0080, 2.5000, , 5
CL1L00202017, , -47.4500, -73.0600, 9.6000, , 5
AR1L44211014, Tres Hermanos 3, -47.8330, -72.5000, 0.7000, , 6
AR1I60112014, de la Laguna Escondida W, -50.3670, -73.4630, 1.0000, , 6
CL1L00000003, GCN05, -52.6630, -72.9530, 0.4900, , 6
AR1I60232002, de los Tres, -49.2720, -73.0170, 1.8000, , 6
CL1L00202006, , -47.4000, -73.0200, 1.2000, , 5
CL1L00100015, GCN42, -52.8140, -73.1400, 30.9100, , 4
CL1L00000032, GCN69, -52.9960, -73.0130, 0.4900, , 5
AR1I60114023, Codo 1, -49.7790, -73.0330, 1.0000, , 6
CL1L23200002, Calvo, -50.7100, -73.2600, 117.0000, , 4
AR1I60220016, Cerro Huemul, -49.4170, -73.0670, 1.5000, , 5
CL1L23300001, Asia, -50.8500, -73.5600, 133.0000, , 4
CL1L00202003, , -47.3900, -73.0400, 0.5000, , 7
CL1L00000052, GCN78, -53.0480, -73.2870, 0.3900, , 6
AR1I60238004, Cerro del Bosque S, -49.1170, -72.9120, 0.8000, , 6
CL1L00204019, , -47.7500, -73.6000, 0.6000, , 
AR1I60220009, de la Luna, -49.6670, -73.1000, 1.5000, , 5
AR1I60220010, Mascarello S, -49.6330, -73.1040, 3.0000, , 5
CL1L00203036, , -47.5200, -73.3700, 2.7000, , 5
CL1L11100003, Zapata, -51.0500, -73.3670, 11.6000, , 5
AR1I60234001, Mylodon S, -49.1000, -73.0500, 3.0000, , 5
AR1I60232014, R Electrico W, -49.2140, -73.1000, 0.5000, , 6
CL1L00204030, , -47.7500, -73.7800, 0.4000, , 5
AR1I60212001, R Condor 5, -49.8170, -72.9830, 0.8000, , 6
CL1L00100004, GCN67, -52.9510, -73.1880, 0.3800, , 6
CL1L00201026, , -47.0600, -73.0100, 11.2000, , 5
AR1I60232006, Cerro Electrico, -49.2460, -73.0170, 2.0000, , 6
CL1L00000023, GCN49, -52.9350, -73.0030, 3.6200, , 6
AR1L44212003, Narvaez, -48.4830, -72.3330, 10.0000, , 5
CL1L11100005, Grey, -50.8400, -73.3500, 269.0000, , 4
CL1L00201018, , -47.0700, -73.0500, 1.3000, , 4
AR1I60110003, Canal Sur 5, -50.6380, -73.0250, 0.8000, , 0
CL1L51000001, HPN 3, -47.3130, -73.8170, 70.2000, , 4
CL1L00100020, GCN04, -52.6540, -73.0470, 0.5700, , 6
CL1L00204056, , -47.4700, -73.8500, 2.3000, , 6
CL1L00204079, , -47.5900, -73.6100, 0.4000, , 4
AR1L44211026, Cerro Cono 8, -47.7500, -72.3000, 1.7000, , 5
CL1L00202004, , -47.3800, -73.0300, 1.4000, , 6
AR1L44211039, San Lorenzo IV, -47.6830, -72.2500, 0.1000, , 6
CL1L00201022, , -47.1000, -73.0300, 0.3000, , 7
AR1L44211042, Lacteo, -47.6500, -72.2500, 11.0000, , 5
CL1L00000005, GCN10, -52.7610, -73.0460, 5.8000, , 5
AR1I60232015, R Electrico C, -49.2170, -73.0670, 0.6000, , 6
CL1L44400003, Bravo, -48.5900, -73.3500, 129.0000, , 4
AR1I60114029, Rio Norte, -49.8420, -73.0250, 9.5000, , 6
CL1L00202040, , -47.1800, -73.3600, 351.3000, , 2
CL1L52000001, San Quintin, -46.8490, -73.6730, 765.0000, , 4
AR1L44220002, Sangra N, -48.4500, -72.4830, 4.0000, , 5
AR1I60236017, R Diablo E, -49.0420, -72.9750, 1.0000, , 6
CL1L00201028, , -47.0700, -72.9700, 0.5000, , 6
CL1L00204052, , -47.5300, -73.7800, 0.4000, , 7
CL1L00204063, , -47.3600, -73.5000, 324.2000, , 2
AR1I60113003, Spegazzini, -50.2800, -73.4500, 137.0000, , 4
CL1L00000010, Lengua, -52.8130, -72.9990, 5.3200, , 5
AR1I60236021, Cerro Sin Nombre Superior, -48.9830, -72.9000, 3.0000, , 5
AR1I60236008, L del Desierto 8, -49.0500, -72.9390, 0.8000, , 6
AR1I60113005, Seco (del totalizador), -50.1790, -73.3000, 4.0000, , 5
CL1L00201002, , -47.1700, -72.9400, 0.7000, , 6
AR1I60114031, Meseta E, -49.8960, -73.0500, 6.0000, , 6
CL1L44500002, Pascua, -48.4600, -73.2600, 88.0000, , 4
CL1L00202008, , -47.4200, -73.0300, 0.4000, , 6
CL1L00203057, , -47.3500, -73.2200, 0.5000, , 4
AR1L42720001, Agudo S, -47.5830, -72.2170, 0.1000, , 6
AR1L44211015, Cerro Q.1, -47.8000, -72.4170, 6.0000, , 5
CL1L00204040, , -47.6400, -73.7600, 0.7000, , 6
AR1I60112001, Peninsula Mayo-Ameghino 3, -50.3500, -73.1500, 2.5000, , 5
AR1I60112024, Bahia del Toro, -50.3000, -73.3050, 1.5000, , 5
CL1L03012003, , -53.3000, -72.8830, 2.3000, , 5
CL1L22100003, Snowy, -51.3900, -73.4700, 23.0000, , 4
AR1I60114009, Upsala, -49.7200, -73.3700, 902.0000, , 4
CL1L00000027, GCN53, -52.9650, -72.9880, 0.3400, , 6
AR1L44211036, Escondido, -47.7170, -72.2500, 5.2000, , 5
CL1L11120003, , -50.9000, -73.1330, 4.1000, , 6
AR1I60111010, de la Curva, -50.4500, -73.2860, 1.5000, , 6
CL1L00204080, , -47.6000, -73.6200, 0.9000, , 5
CL1L11120002, Ohnet, -50.8500, -73.1670, 4.6000, , 5
CL1L00000016, GCN26, -52.8390, -73.0820, 17.2500, , 4
AR1L44211027, Cerro Cono 7, -47.7670, -72.3170, 0.2000, , 6
CL1L00100014, GCN41, -52.8210, -73.1830, 3.1000, , 6
CL1L00202044, , -47.2200, -73.1300, 0.4000, , 7
AR1L44211053, Yole 3, -47.9000, -72.1670, 0.1000, , 6
CL1L00000007, GCN16, -52.7920, -72.9860, 0.2000, , 6
AR1I60110011, 21, -50.5420, -73.0000, 0.5000, , 0
AR1I60233004, Laguna Condor, -49.1830, -73.0550, 7.0000, , 5
AR1I60100005, Nevero 26 SE, -50.3670, -72.8330, 0.1000, , 6
AR1L44211038, Penitentes Exterior, -47.6670, -72.2000, 0.5000, , 6
AR1L44211051, del Viento, -47.6000, -72.1500, 0.1000, , 6
AR1I60231003, Pier Giorgio S, -49.2790, -73.1080, 1.5000, , 6
AR1I60112005, Fondo Canal Mayo 5, -50.3620, -73.2830, 1.0000, , 5
CL1L41100002, HPN 4, -47.4090, -73.6010, 53.0000, , 4
AR1L44211025, Cerro Cono 1, -47.7330, -72.2670, 2.1000, , 6
CL1L54300003, U1, -46.4890, -73.4230, 8.5000, , 4
CL1L44400002, O'Higgins, -48.9100, -73.4000, 820.0000, , 4
CL1L00201033, , -47.0400, -72.8800, 0.4000, , 7
CL1L54300002, Grosse, -46.4920, -73.3490, 65.9000, , 4
AR1I60114026, Portezuelo Cerro Torre, -49.7750, -72.9830, 1.0000, , 5
AR1I60111004, W bifurcado, -50.5210, -73.0670, 2.5000, , 5
AR1I60112023, de la Cascada, -50.3060, -73.3170, 2.0000, , 5
AR1I60114033, Tannhauser, -49.9250, -73.0000, 4.0000, , 6
CL1L00203005, , -47.6000, -73.1500, 1.2000, , 6
CL1L00202042, , -47.1500, -73.2800, 0.9000, , 4
AR1I60112006, Fondo Canal Mayo 4, -50.3670, -73.2960, 0.8000, , 5
CL1L00203014, , -47.6700, -73.2500, 1.2000, , 6
CL1L00204073, , -47.5300, -73.5500, 2.3000, , 4
CL1L00000011, GCN21, -52.8310, -73.0280, 1.9400, , 6
CL1L00202011, , -47.4500, -73.0200, 1.4000, , 5
AR1I60113007, de la Silla, -50.1670, -73.3000, 0.8000, , 6
CL1L00000041, GCN61, -52.9410, -73.0370, 0.2600, , 6
CL1L00201015, , -47.0700, -73.1500, 1.2000, , 6
CL1L00201013, , -47.1100, -73.2500, 0.5000, , 6
AR1L44211007, Aspero V, -47.8750, -72.3670, 1.1000, , 6
CL1L00204011, , -47.7000, -73.4900, 1.1000, , 6
AR1I60114025, Cerro Torre, -49.7670, -73.0000, 0.8000, , 6
CL1L00204035, , -47.6800, -73.7800, 0.2000, , 7
CL1L00000040, GCN60, -52.9360, -73.0630, 2.9000, , 3
CL1L00203068, , -47.5100, -73.1300, 0.8000, , 6
CL1L00100003, GCN80, -53.0550, -73.2880, 0.4400, , 6
CL1L42420003, U6, -46.6490, -73.2200, 11.0000, , 4
CL1L00204006, , -47.6700, -73.5200, 0.9000, , 6
CL1L00202012, , -47.4800, -73.0300, 3.0000, , 5
AR1I60110001, Frias, -50.6900, -73.0800, 48.0000, , 4
CL1L03135004, , -53.2670, -72.8000, 0.3000, , 6
CL1L03010002, , -53.2330, -73.0000, 2.2000, , 3
CL1L00201030, , -47.0900, -72.9300, 2.6000, , 6
CL1L00204007, , -47.7100, -73.5100, 0.5000, , 4
CL1L00204022, , -47.7100, -73.5700, 0.6000, , 6
CL1L00204047, , -47.5700, -73.8000, 0.3000, , 7
AR1I60113008, Heim N, -50.1420, -73.3330, 7.0000, , 5
AR1I60112003, Peninsula Mayo-Ameghino 1, -50.3330, -73.2000, 1.5000, , 5
CL1L00204023, , -47.7000, -73.5500, 1.4000, , 4
AR1I60112008, Fondo Canal Mayo 2, -50.3750, -73.3080, 0.8000, , 6
CL1L00204055, , -47.5100, -73.8500, 1.3000, , 6
CL1L32000003, HPS9, -49.0300, -73.6300, 55.0000, , 4
AR1I60212005, R Condor 2, -49.7860, -72.9500, 1.0000, , 6
CL1L00204076, , -47.6000, -73.4300, 1.6000, , 5
CL1L03133004, , -53.2330, -72.9670, 0.5000, , 6
AR1I60231006, Horquilla Fitz Roy W, -49.2670, -73.0830, 0.5000, , 6
CL1L03130002, , -53.2170, -73.0330, 0.1000, , 7
AR1I60234004, Mylodon N, -49.0830, -73.0330, 4.0000, , 6
CL1L00100021, GCN01, -52.6420, -73.0370, 0.8700, , 6
CL1L35000001, Ofhidro, -48.4800, -73.7900, 116.0000, , 4
AR1L44211001, R Carrera, -48.1330, -72.3330, 7.0000, , 5
CL1L00203020, , -47.7400, -73.3700, 0.6000, , 6
AR1I60238001, del Bosque S, -49.1830, -72.9210, 2.0000, , 6
CL1L00000022, GCN32, -52.9040, -73.0280, 0.9500, , 6
AR1I60220011, Este Cerro Campana, -49.6330, -73.1200, 7.0000, , 5
CL1L00201004, , -47.2300, -73.0000, 2.0000, , 6
CL1L00000025, GCN51, -52.9550, -72.9970, 0.7900, , 6
AR1I60111009, Ameghino, -50.4900, -73.3200, 76.0000, , 4
AR1L44211005, Aspero III, -47.8750, -72.3670, 1.5000, , 6
AR1I60220012, Mascarello N, -49.6250, -73.1420, 1.5000, , 6
CL1L45000001, Jorge Montt, -48.4400, -73.5800, 464.0000, , 4
AR1I60114006, Promontorio Cono, -49.8890, -73.3830, 1.5000, , 6
CL1L00202054, , -47.2800, -73.0800, 0.6000, , 6
CL1L00203028, , -47.6200, -73.3200, 0.9000, , 7
AR1I60236009, L del Desierto 7, -49.0470, -72.9250, 1.5000, , 5
AR1I60114004, Ante-cumbre Bertrand W, -49.9330, -73.3670, 1.0000, , 6
CL1L00100007, GCN39, -52.8660, -73.1580, 6.9200, , 6
CL1L00204013, , -47.7200, -73.5200, 0.8000, , 6
AR1I60100001, Limite Sur 2, -50.7420, -73.0000, 2.0000, , 0
CL1L00203021, , -47.7300, -73.4100, 0.5000, , 4
AR1I60236023, de las Vacas, -49.0500, -72.8830, 0.8000, , 6
CL1L32100001, HPS10, -49.5500, -73.7100, 61.0000, , 4
AR1I60238006, los Portones, -49.1500, -72.8250, 1.5000, , 5
CL1L00204077, , -47.5900, -73.5100, 0.8000, , 6
AR1I60111014, S Ameghino 2, -50.4390, -73.1670, 1.5000, , 6
AR1I60220001, R Alfredo N, -49.7000, -72.9000, 0.6000, , 6
AR1I60114021, de la Laguna Roja, -49.7920, -73.1000, 3.5000, , 5
CL1L00204016, , -47.7500, -73.5200, 0.4000, , 6
CL1L00204010, , -47.6900, -73.5000, 0.9000, , 6
AR1I60110007, Cordoba 9, -50.6250, -73.0580, 3.0000, , 5
AR1I60210008, Cabecera 2, -49.9170, -72.9670, 2.0000, , 6
AR1L44211024, San Lorenzo S, -47.6670, -72.3000, 27.0000, , 5
CL1L51000003, HPN 1, -47.1410, -73.7530, 276.8000, , 4
CL1L00204068, , -47.4600, -73.5500, 0.6000, , 6
AR1I60220017, Viedma, -49.3500, -73.3500, 919.0000, , 4
AR1I60236015, L del Desierto 1 N, -49.0050, -72.8960, 0.5000, , 3
AR1L44211023, Piramide 50, -47.6830, -72.3830, 0.8000, , 6
CL1L00204070, , -47.4800, -73.5000, 1.5000, , 6
CL1L32100002, HPS12, -49.6300, -73.5900, 204.0000, , 4
CL1L00000034, GCN72, -53.0280, -73.0790, 0.4900, , 6
AR1I60114020, Bifurcado, -49.7890, -73.1250, 2.5000, , 5
CL1L00202052, , -47.3000, -73.1000, 3.4000, , 6
CL1L03132003, , -53.2330, -72.9670, 2.3000, , 2
CL1L00000028, GCN55, -52.9710, -72.9950, 0.0800, , 7
CL1L00202038, , -47.3200, -73.2600, 0.4000, , 7
CL1L00201012, , -47.1400, -73.2000, 1.8000, , 6
CL1L00100010, GCN46, -52.8710, -73.2310, 1.2800, , 6
CL1L00202050, , -47.2800, -73.1300, 0.4000, , 7
AR1I60111006, Portezuelo S de la Silla, -50.4830, -73.2250, 4.0000, , 5
CL1L00000024, GCN50, -52.9290, -73.0010, 0.1400, , 7
AR1I60110010, Grande 13, -50.5790, -73.0830, 10.0000, , 5
CL1L32100003, HPS13, -49.7400, -73.5800, 141.0000, , 4
CL1L00204078, , -47.6200, -73.5400, 0.9000, , 6
CL1L00202057, , -47.2400, -73.0500, 1.3000, , 6
AR1I60110015, del Monte 17, -50.5560, -73.0670, 3.0000, , 5
AR1I60110008, Parona 10, -50.6170, -73.0710, 8.0000, , 5
CL1L54300001, Exploradores, -46.5860, -73.2810, 94.8000, , 4
AR1L44211013, Tres Hermanos 2, -47.8330, -72.5000, 2.0000, , 6
AR1I60113004, Ante-cumbre N Cerro Heim, -50.1830, -73.3580, 0.6000, , 6
AR1L44220001, Afluente S Sangra, -48.4830, -72.5330, 2.0000, , 5
CL1L00204029, , -47.7500, -73.8000, 0.5000, , 6
AR1I60232011, Marconi, -49.2170, -73.1000, 13.5000, , 5
CL1L00202028, , -47.4600, -73.1800, 2.2000, , 4
CL1L00202046, , -47.2500, -73.1300, 1.4000, , 6
CL1L00201029, , -47.0900, -72.9500, 0.3000, , 4
CL1L00204003, , -47.6500, -73.5900, 0.6000, , 4
CL1L00202032, , -47.3900, -73.1900, 0.8000, , 4
CL1L00204066, , -47.4800, -73.6300, 0.7000, , 7
AR1I60210007, Cabecera 3, -49.9250, -72.9670, 2.0000, , 6
CL1L32000002, HPS8, -48.9800, -73.7300, 38.0000, , 4
AR1I60210001, Rio Guanaco S, -50.0170, -72.7170, 1.0000, , 5
CL1L00203037, , -47.5500, -73.3600, 0.6000, , 6
AR1L44211017, Valle San Lorenzo 2, -47.8000, -72.3830, 0.8000, , 6
CL1L03133002, , -53.2830, -72.9000, 1.2000, , 5
CL1L00204036, , -47.6500, -73.8000, 0.2000, , 7
CL1L03134003, , -53.2670, -72.8330, 0.4000, , 6
AR1I60236007, L del Desierto 9, -49.0530, -72.9360, 1.5000, , 6
CL1L00000008, GCN17, -52.7970, -72.9830, 0.1300, , 6
CL1L00202024, , -47.4500, -73.1200, 0.9000, , 6
CL1L00204027, , -47.7500, -73.7800, 0.7000, , 6
CL1L00100018, GCN07, -52.6930, -73.1020, 2.3600, , 6
CL1L00000004, GCN06, -52.6600, -72.9590, 0.1500, , 6
CL1L03011005, , -53.2670, -72.9500, 0.1000, , 6
CL1L00204069, , -47.4600, -73.5300, 8.2000, , 5
CL1L00202056, , -47.2200, -73.0500, 1.7000, , 6
CL1L00202031, , -47.4200, -73.1800, 1.0000, , 4
CL1L00203040, , -47.5500, -73.2800, 1.6000, , 5
CL1L42100001, Piscis, -47.4360, -73.4360, 12.0000, , 4
AR1I60113002, Spegazzini Alto S, -50.2830, -73.3720, 4.0000, , 5
CL1L00203017, , -47.6900, -73.2700, 0.6000, , 6
CL1L00202014, , -47.5000, -73.0500, 0.6000, , 6
CL1L00100013, GCN40, -52.8380, -73.1870, 15.0600, , 4
CL1L11120004, Dickson, -50.7700, -73.2100, 71.0000, , 4
CL1L00204009, , -47.6800, -73.5200, 1.5000, , 6
AR1I60114028, Gendarme Cerro Norte, -49.8250, -73.0670, 1.5000, , 6
CL1L00000019, GCN29, -52.8940, -72.9960, 1.9800, , 6
CL1L00201011, , -47.1900, -73.1500, 0.6000, , 7
CL1L03135001, , -53.3000, -72.8330, 5.2000, , 2
AR1I60210002, Cerro Camilo, -50.0250, -72.8170, 1.5000, , 5
CL1L00204065, , -47.4600, -73.6300, 0.3000, , 7
AR1I60235001, R Toro S, -49.0580, -73.0080, 3.5000, , 5
CL1L00203024, , -47.6500, -73.3600, 2.6000, , 5
AR1I60112011, de la Torre, -50.3830, -73.3330, 2.5000, , 6
CL1L00204045, , -47.5700, -73.7500, 0.2000, , 6
CL1L03011002, , -53.2500, -72.9830, 0.8000, , 5
CL1L00204004, , -47.6700, -73.5600, 0.5000, , 4
CL1L44400004, Mellizo Sur, -48.5600, -73.2300, 37.0000, , 4
AR1I60236001, L del Desierto 15, -49.0810, -72.9450, 1.2000, , 6
CL1L03011001, , -53.2670, -72.9830, 0.7000, , 5
AR1I60236013, L del Desierto 3, -49.0210, -72.9030, 0.8000, , 3
AR1I60111005, Moreno, -50.6000, -73.2300, 258.0000, , 4
CL1L00202036, , -47.3500, -73.2600, 1.2000, , 6
CL1L00000044, GCN33, -52.8910, -73.0490, 0.7800, , 6
AR1I60220005, Cumbre Cerro Moyano, -49.7500, -73.1330, 0.6000, , 3
AR1I60114017, E Phister, -49.7920, -73.1670, 4.0000, , 6
AR1I60112002, Peninsula Mayo-Ameghino 2, -50.3580, -73.1920, 5.0000, , 5
CL1L54100002, Gualas, -46.5790, -73.5390, 134.7000, , 4
CL1L00203004, , -47.6000, -73.2000, 0.6000, , 4
CL1L00203026, , -47.6700, -73.3200, 0.5000, , 6
CL1L00203031, , -47.6000, -73.4000, 1.0000, , 5
AR1I60212002, R Condor 4, -49.8000, -72.9870, 2.0000, , 5
CL1L00203043, , -47.5200, -73.3000, 1.9000, , 7
CL1L00204061, , -47.3900, -73.8000, 1.4000, , 6
CL1L23100002, HPS29, -50.5200, -73.4700, 82.0000, , 4
AR1I60210011, Nacimiento R Guanaco S, -49.8670, -73.0000, 2.0000, , 5
CL1L00203019, , -47.7500, -73.3500, 0.3000, , 6
CL1L22100001, HPS38, -51.0400, -73.5800, 62.0000, , 4
CL1L00204041, , -47.6300, -73.7300, 0.1000, , 7
CL1L42300003, Cachet, -47.0840, -73.3800, 39.1000, , 4
AR1I60238005, Cerro Bonete, -49.1000, -72.8670, 2.5000, , 5
CL1L42420001, Leones, -46.7890, -73.2780, 44.5000, , 4
CL1L00201009, , -47.2200, -73.1700, 1.0000, , 6
AR1I60113011, Agassiz, -50.0400, -73.4000, 50.0000, , 4
AR1I60100002, Limite Sur 3, -50.7580, -73.0170, 2.0000, , 0
CL1L52000002, Benito, -47.0480, -73.6610, 208.5000, , 4
CL1L00100012, GCN47, -52.8630, -73.2370, 0.8700, , 6
AR1I60210003, Sola, -49.9920, -72.8330, 1.2000, , 6
AR1I60111007, de la Silla, -50.4750, -73.2000, 3.0000, , 5
CL1L42300002, Colonia, -47.1210, -73.4750, 409.4000, , 4
CL1L00201008, , -47.2000, -73.0600, 0.6000, , 7
CL1L00204049, , -47.5800, -73.8300, 0.8000, , 6
CL1L00203010, , -47.6300, -73.2100, 0.8000, , 4
CL1L00203066, , -47.5000, -73.1800, 1.7000, , 5
CL1L00204026, , -47.7300, -73.5500, 0.9000, , 6
CL1L11100001, Balmaceda, -51.4000, -73.3900, 63.0000, , 4
CL1L42420002, Fiero, -46.6500, -73.2840, 39.5000, , 4
AR1I60100003, Nevero 28 SW, -50.4000, -73.0000, 0.3000, , 6
CL1L00203023, , -47.6600, -73.3800, 1.4000, , 5
AR1I60236016, Portezuelo Plano, -49.0170, -72.9170, 3.0000, , 6
CL1L00202060, , -47.2500, -73.0000, 1.4000, , 6
AR1I60110012, 20, -50.5460, -73.0080, 0.5000, , 0
AR1I60120003, los Caballos, -50.1000, -72.9250, 2.0000, , 5
AR1I60110017, Nevero 14, -50.5420, -73.1250, 0.1000, , 6
CL1L00000006, Galeria, -52.7870, -73.0060, 13.6500, , 5
AR1I60220019, R Tunel Inferior, -49.3920, -73.0920, 15.0000, , 5
AR1I60210012, Nacimiento R Guanaco C, -49.8500, -73.0080, 1.5000, , 5
AR1I60236006, L del Desierto 10, -49.0640, -72.9360, 1.2000, , 6
AR1L44211021, Piramide 48, -47.6830, -72.3830, 0.4000, , 6
AR1I60236010, L del Desierto 6, -49.0420, -72.9250, 0.8000, , 6
AR1I60220008, Valle Moyano, -49.7000, -73.1830, 11.0000, , 5
CL1L00203065, , -47.5100, -73.1900, 0.4000, , 4
AR1I60114024, Codo 2, -49.7830, -73.0170, 1.0000, , 6
AR1I60110002, Cordon Cristales, -50.6670, -73.0580, 2.5000, , 5
CL1L00204015, , -47.7400, -73.5200, 0.5000, , 6
CL1L00203059, , -47.4300, -73.2100, 1.6000, , 4
AR1I60111016, Peninsula Mayo-Ameghino 5, -50.3880, -73.1670, 5.0000, , 5
CL1L54100001, Reichert, -46.5600, -73.4490, 82.5000, , 4
CL1L22100002, HPS41, -51.2400, -73.5000, 71.0000, , 4
CL1L00100009, GCN45, -52.8800, -73.2140, 0.9600, , 6
AR1L44220003, Sangra C, -48.4670, -72.4830, 1.5000, , 5
AR1I60110014, de los Dientes 18, -50.5540, -73.0500, 2.0000, , 0
AR1I60232004, R Blanco Central, -49.2920, -73.0360, 2.5000, , 6
CL1L03431002, Piedras, -53.1670, -72.6670, 0.9000, , 6
AR1I60111001, Valle S Cerro Moreno, -50.5250, -73.0330, 0.8000, , 5
CL1L00000051, GCN71, -53.0020, -73.2150, 1.0600, , 6
AR1I60110006, 8 R bank Rio Parona, -50.6080, -73.0580, 0.3000, , 0
CL1L00203022, , -47.6600, -73.4100, 3.7000, , 5
AR1I60114008, Cumbre Murallon, -49.8000, -73.4170, 3.0000, , 3
CL1L00203033, , -47.5800, -73.3700, 0.3000, , 4
CL1L03134006, , -53.2500, -72.8000, 1.6000, , 2
CL1L00201034, , -47.0400, -72.8700, 0.4000, , 6
CL1L00202035, , -47.3200, -73.1700, 0.4000, , 7
AR1I60231005, Pollone, -49.2750, -73.1000, 1.0000, , 6
CL1L44500001, Oriental, -48.5200, -73.1400, 74.0000, , 4
CL1L00204058, , -47.4300, -73.8500, 1.5000, , 6
AR1L44211002, Cupula, -47.9830, -72.3830, 2.0000, , 5
AR1L44211035, Penitentes S, -47.7170, -72.2000, 0.5000, , 6
AR1L44211019, Valle San Lorenzo 3, -47.7670, -72.3830, 0.9000, , 6
CL1L03012001, , -53.2830, -72.9330, 0.6000, , 6
CL1L00204039, , -47.6500, -73.7600, 0.3000, , 4
CL1L00202019, , -47.4100, -73.1000, 0.4000, , 7
AR1I60114027, Cerro Norte 3, -49.8000, -73.0080, 1.5000, , 6
CL1L00201025, , -47.0900, -73.0100, 0.5000, , 7
AR1L44211004, Aspero II, -47.8750, -72.3670, 0.5000, , 6
CL1L03021003, , -53.3170, -72.8500, 1.7000, , 2
CL1L00203060, , -47.4500, -73.2300, 2.9000, , 4
CL1L00202023, , -47.4400, -73.1200, 1.3000, , 6
AR1L44211044, San Lorenzo II, -47.6330, -72.2330, 0.1000, , 6
CL1L03132001, , -53.2330, -72.9500, 1.4000, , 2
AR1I61000002, H. Y. 2, -47.9000, -72.2500, 0.1000, , 6
CL1L00204032, , -47.7300, -73.7800, 0.3000, , 7
CL1L00000001, GCN02, -52.6650, -73.0400, 6.9100, , 6
CL1L00204025, , -47.7200, -73.6000, 0.9000, , 4
CL1L42400001, U5, -47.0480, -73.3610, 5.9000, , 4
CL1L41100001, Steffen, -47.3860, -73.6800, 441.0000, , 4
CL1L00201014, , -47.0300, -73.3000, 123.0000, , 5
AR1I60212004, R Condor 6, -49.8000, -72.9500, 0.5000, , 6
CL1L00204071, , -47.4500, -73.4800, 5.8000, , 5
CL1L00204043, , -47.6200, -73.7500, 0.1000, , 7
CL1L41100003, U2, -47.4500, -73.4980, 9.5000, , 4
AR1L44211031, Cerro Cono 2, -47.7500, -72.2670, 1.1000, , 5
CL1L00204074, , -47.5300, -73.5300, 1.8000, , 4
AR1I60220003, R Alfredo S, -49.7170, -72.8970, 0.8000, , 6
CL1L00204050, , -47.5700, -73.8400, 0.7000, , 4
AR1L44211012, Tres Hermanos 1, -47.8330, -72.5000, 1.0000, , 5
CL1L00204048, , -47.5500, -73.8100, 0.5000, , 4
CL1L03021002, , -53.3170, -72.8500, 3.0000, , 5
AR1I60232008, de las Torres, -49.2460, -73.0830, 1.5000, , 6
AR1I60112021, Cerro Mayo E, -50.3330, -73.2920, 3.5000, , 5
CL1L00100001, GCN76, -53.0670, -73.2430, 0.3500, , 6
CL1L42100003, Pared Norte, -47.3550, -73.3910, 78.2000, , 4
CL1L11100006, Olvidado, -50.8170, -73.1830, 18.5000, , 5
AR1I60236005, L del Desierto 11, -49.0670, -72.9330, 1.0000, , 6
CL1L42400002, Nef, -46.9300, -73.3360, 163.6000, , 4
CL1L00203027, , -47.6400, -73.3500, 4.3000, , 5
AR1L42720002, Agudo E, -47.5330, -72.1670, 0.2000, , 6
CL1L23200003, HPS34, -50.7800, -73.4700, 137.0000, , 4
CL1L00201003, , -47.1800, -72.9500, 1.3000, , 4
CL1L03134001, , -53.2500, -72.8170, 0.8000, , 2
CL1L00203055, , -47.3700, -73.2700, 1.0000, , 4
CL1L00202026, , -47.4800, -73.1200, 1.4000, , 6
CL1L00203016, , -47.6800, -73.2700, 0.5000, , 6
AR1L44211009, Cerro Arido 2, -47.8330, -72.3330, 0.1000, , 7
AR1I60210013, Nacimiento R Guanaco N, -49.8330, -73.0000, 2.5000, , 5
AR1L42720003, Hermoso N, -47.5670, -72.1330, 0.9000, , 6
AR1I60120001, Gaviota, -50.0000, -73.0170, 3.5000, , 5
AR1I60212003, R Condor 3, -49.7920, -72.9670, 1.0000, , 6
CL1L00202001, , -47.4100, -73.0500, 0.3000, , 7
AR1I60114007, Tosello E, -49.8330, -73.3500, 2.0000, , 6
CL1L00203058, , -47.3800, -73.2200, 0.6000, , 4
CL1L03011006, , -53.2830, -72.9500, 0.1000, , 6
AR1I60232012, del Morro Alto, -49.1670, -73.1250, 3.5000, , 5
CL1L00203032, , -47.6000, -73.3800, 0.6000, , 4
CL1L00100016, GCN43, -52.7640, -73.1620, 0.4400, , 6
CL1L32000004, Pio XI, -49.2600, -74.6900, 1265.0000, , 4
AR1L44211022, Piramide 49, -47.6830, -72.3830, 1.2000, , 5
CL1L00203067, , -47.5000, -73.1500, 0.4000, , 7
CL1L03132002, , -53.2330, -72.9500, 0.4000, , 5
CL1L00203008, , -47.6500, -73.1800, 1.0000, , 5
CL1L11100002, Tyndall, -51.1000, -73.4200, 331.0000, , 4
CL1L00203009, , -47.6500, -73.2200, 1.1000, , 7
AR1L44211041, Penitentes W, -47.7000, -72.2670, 0.1000, , 6
AR1L44211033, Cerro Peinado I, -47.7500, -72.2330, 0.0500, , 7
AR1L44211008, Aspero I, -47.8670, -72.3670, 1.3000, , 5
AR1I60112017, Escondido, -50.3420, -73.4170, 8.0000, , 5
AR1I60236022, Cerro Bonete, -49.0330, -72.8330, 1.0000, , 3
CL1L00203042, , -47.5300, -73.3500, 3.2000, , 5
CL1L31000001, Europa, -50.2800, -73.7100, 403.0000, , 4
CL1L34000001, Occidental, -48.8400, -74.9400, 244.0000, , 4
AR1L44220008, del Banado, -48.6330, -72.4000, 1.5000, , 6
CL1L00203001, , -47.6200, -73.2500, 1.2000, , 6
AR1I60114032, Meseta Tannhauser, -49.9130, -73.0170, 3.0000, , 5
CL1L00000021, GCN31, -52.8960, -73.0250, 2.1000, , 5
CL1L00203015, , -47.6800, -73.2700, 1.2000, , 6
CL1L00204024, , -47.7000, -73.5800, 1.0000, , 4
AR1I60114005, Cumbre Cono S, -49.9000, -73.4330, 1.5000, , 6
AR1I60210010, La Irene, -49.8830, -72.9670, 0.6000, , 6
AR1I60112022, de los Gemelos, -50.3170, -73.3000, 1.5000, , 5
CL1L00204067, , -47.4700, -73.5700, 0.7000, , 7
CL1L00202039, , -47.2700, -73.3200, 0.3000, , 7
CL1L03010004, , -53.2670, -73.0000, 1.3000, , 5
AR1I60114015, W Phister, -49.7830, -73.2000, 2.5000, , 6
AR1L44211037, Penitentes C, -47.6830, -72.2000, 2.0000, , 5
AR1L44212004, Colon, -48.4170, -72.3830, 5.0000, , 5
AR1I60114003, Espolon Bertrand E, -49.9390, -73.3500, 1.0000, , 6
AR1I60110005, 7 R bank Rio Parona, -50.6040, -73.0500, 0.3000, , 0
AR1I60233005, de la Vega, -49.1750, -73.0370, 1.5000, , 6
CL1L00000043, GCN63, -52.9210, -73.0300, 0.7500, , 6
CL1L00203012, , -47.6500, -73.2700, 0.9000, , 5
AR1I60114011, Cristal N, -49.7250, -73.2330, 2.0000, , 5
CL1L00201010, , -47.2000, -73.1900, 3.3000, , 5
CL1L03133005, , -53.2500, -72.9670, 0.8000, , 2
AR1I60114018, Phister-Moyano, -49.7920, -73.1500, 7.0000, , 5
AR1I60238002, del Bosque N, -49.1580, -72.9170, 1.0000, , 6
AR1I60111002, Cerro Moreno, -50.5210, -73.0500, 0.5000, , 6
AR1I60114019, Cresta W Cerro Moyano, -49.7830, -73.1330, 2.0000, , 6
AR1I60220006, Cerro Moyano, -49.7330, -73.1460, 5.0000, , 5
CL1L00203025, , -47.6700, -73.3100, 0.4000, , 6
CL1L00100006, GCN38, -52.8700, -73.1280, 9.4700, , 4
CL1L00201006, , -47.2000, -73.0100, 2.9000, , 4
CL1L00203006, , -47.6000, -73.1600, 1.5000, , 5
CL1L03133001, , -53.2830, -72.8830, 1.8000, , 2
AR1I60236002, L del Desierto 14, -49.0780, -72.9470, 1.2000, , 6
AR1L44220005, Pitersen N, -48.5170, -72.4830, 4.5000, , 5
AR1I60220015, Bajo Mascarello, -49.6080, -73.0790, 1.0000, , 5
CL1L00204031, , -47.7400, -73.8000, 1.0000, , 4
AR1L44211006, Aspero IV, -47.8750, -72.3670, 0.2000, , 6
CL1L00202016, , -47.5100, -73.0500, 0.5000, , 6
CL1L00000045, GCN34, -52.8990, -73.0460, 0.2100, , 7
CL1L00202029, , -47.4400, -73.1800, 2.2000, , 5
AR1L44211048, Hermoso W, -47.6000, -72.2170, 0.2000, , 6
AR1I60232009, del Puente, -49.2420, -73.0860, 3.0000, , 5
CL1L00100019, GCN08, -52.7090, -73.0520, 3.9500, , 3
CL1L23400001, Amalia, -50.9200, -73.5200, 157.0000, , 4
CL1L00202021, , -47.4000, -73.1100, 0.8000, , 7
CL1L00201031, , -47.0700, -72.9200, 1.4000, , 5
CL1L00202053, , -47.3000, -73.0700, 1.1000, , 5
AR1I60233007, R Blanco, -49.1330, -73.0500, 5.0000, , 5
CL1L00000031, GCN68, -52.9970, -73.0220, 4.1000, , 3
AR1L44211003, Dosaguas, -47.9830, -72.3830, 1.3000, , 6
AR1L44211011, Cerro Arido 3, -47.8330, -72.2830, 0.3000, , 6
AR1L44220010, Josefina S, -48.7500, -72.4500, 0.8000, , 6
AR1I60220004, Santa Maria, -49.6880, -72.9140, 1.5000, , 5
AR1I60231004, Cerro Rincon, -49.2750, -73.1170, 1.5000, , 3
CL1L00202033, , -47.3300, -73.2000, 1.2000, , 5
AR1I60112012, Cerro Paredon W, -50.4040, -73.4290, 1.5000, , 5
AR1I60114013, Divisadero W, -49.7500, -73.2080, 1.0000, , 6
CL1L03012002, , -53.3000, -72.9000, 0.1000, , 7
CL1L00202047, , -47.2600, -73.1400, 0.4000, , 7
CL1L00204028, , -47.7500, -73.7900, 0.5000, , 6
CL1L00203046, , -47.5200, -73.4500, 1.0000, , 5
CL1L00000017, GCN27, -52.8710, -73.0340, 6.3700, , 6
AR1I60220013, Cerro Mascarello, -49.6250, -73.1170, 4.0000, , 5
CL1L00204059, , -47.4300, -73.8300, 0.4000, , 6
AR1I60210004, del Puesto Seccion, -49.9460, -72.9000, 0.8000, , 6
CL1L00202049, , -47.2700, -73.1300, 0.3000, , 7
AR1I60111011, Angosto, -50.4290, -73.2170, 2.0000, , 5
AR1I60111015, Peninsula Mayo-Ameghino 6, -50.3960, -73.1750, 1.5000, , 5
CL1L30110001, Guilardi, -50.3600, -73.7400, 148.0000, , 4
AR1I60233001, R Condor 3, -49.1890, -73.0720, 0.5000, , 6
AR1I60113009, Bifurcado (Onelli), -50.1500, -73.4250, 5.0000, , 5
CL1L00204064, , -47.4500, -73.6300, 0.4000, , 4
AR1I60111013, de la Lechuza, -50.4330, -73.1830, 2.0000, , 6
AR1I60235003, del Rancho, -49.0500, -72.9830, 2.2000, , 5
CL1L00201020, , -47.1100, -73.0500, 0.2000, , 7
AR1I60232007, de la Horquilla, -49.2500, -73.0830, 4.5000, , 5
CL1L00100017, GCN09, -52.7530, -73.1080, 51.4600, , 4
AR1I60112020, Mayo E, -50.3460, -73.3000, 0.5000, , 6
CL1L51000002, HPN 2, -47.2860, -73.8070, 104.9000, , 4
CL1L03134004, , -53.2830, -72.8670, 5.8000, , 5
AR1I60112007, Fondo Canal Mayo 3, -50.3750, -73.3000, 0.5000, , 5
AR1L44211045, San Lorenzo V, -47.6170, -72.2330, 0.0500, , 7
CL1L00203049, , -47.4200, -73.3500, 1.1000, , 4
CL1L00202015, , -47.5000, -73.0500, 0.6000, , 6
CL1L00000049, GCN65, -52.9560, -73.1540, 0.7400, , 6
CL1L00202022, , -47.4300, -73.1200, 0.8000, , 7
CL1L41100004, U3, -47.4650, -73.4590, 18.5000, , 4
CL1L00202037, , -47.3400, -73.2600, 0.8000, , 6
AR1L42720004, San Lorenzo N, -47.5830, -72.2670, 8.5000, , 5
CL1L42400003, Soler, -46.8790, -73.2870, 50.1000, , 4
CL1L00204060, , -47.4200, -73.8300, 0.4000, , 6
AR1L44220009, Josefina N, -48.7330, -72.4830, 0.5000, , 6
CL1L00000046, GCN35, -52.9020, -73.0630, 1.9100, , 5
